{
  "name": "Khaos Keyboard",
  "vendorId": "0x444D",
  "productId": "0x3435",
  "matrix": {
    "rows": 10,
    "cols": 8
  },
  "keycodes": [
    "qmk_lighting"
  ],
  "menus": [
    "qmk_rgblight"
  ],
  "layouts": {
    "keymap": [
  [
    {
      "x": 2.25
    },
    "3",
    {
      "x": 8.64
    },
    "8"
  ],
  [
    {
      "y": -0.8500000000000001,
      "x": 13.02
    },
    "9"
  ],
  [
    {
      "y": -0.9999999999999999,
      "x": 1.12
    },
    "2"
  ],
  [
    {
      "y": -0.99,
      "x": 3.25
    },
    "4",
    {
      "x": 0.03000000000000025
    },
    "5",
    {
      "x": 4.589999999999999
    },
    "6",
    {
      "x": 0.02000000000000135
    },
    "7"
  ],
  [
    {
      "y": -0.33000000000000007
    },
    "1",
    {
      "x": 13.14
    },
    "0"
  ],
  [
    {
      "y": -0.78,
      "x": 2.36
    },
    "e",
    {
      "x": 8.42
    },
    "i"
  ],
  [
    {
      "y": -0.8500000000000001,
      "x": 1.19
    },
    "w",
    {
      "x": 10.76
    },
    "o"
  ],
  [
    {
      "y": -0.99,
      "x": 3.4
    },
    "r"
  ],
  [
    {
      "y": -1,
      "x": 10.74
    },
    "u"
  ],
  [
    {
      "y": -0.9900000000000002,
      "x": 9.68
    },
    "y"
  ],
  [
    {
      "y": -0.9999999999999998,
      "x": 4.46
    },
    "t"
  ],
  [
    {
      "y": -0.33000000000000007,
      "x": 0.03
    },
    "q",
    {
      "x": 13.08
    },
    "p"
  ],
  [
    {
      "y": -0.7000000000000002,
      "x": 2.4
    },
    "d",
    {
      "x": 8.34
    },
    "k"
  ],
  [
    {
      "y": -0.8599999999999999,
      "x": 1.22
    },
    "s",
    {
      "x": 10.71
    },
    "l"
  ],
  [
    {
      "y": -0.9899999999999998,
      "x": 3.45
    },
    "f",
    {
      "x": 6.239999999999999
    },
    "j"
  ],
  [
    {
      "y": -0.9900000000000002,
      "x": 4.52
    },
    "g",
    {
      "x": 4.1
    },
    "h"
  ],
  [
    {
      "y": -0.33000000000000007,
      "x": 0.05
    },
    "a",
    {
      "x": 13.049999999999999
    },
    ";"
  ],
  [
    {
      "y": -0.69,
      "x": 2.36
    },
    "c"
  ],
  [
    {
      "y": -1,
      "x": 11.78
    },
    ","
  ],
  [
    {
      "y": -0.8599999999999999,
      "x": 1.19
    },
    "x"
  ],
  [
    {
      "y": -1,
      "x": 12.95
    },
    "."
  ],
  [
    {
      "y": -0.9900000000000002,
      "x": 3.4
    },
    "v",
    {
      "x": 6.34
    },
    "m"
  ],
  [
    {
      "y": -0.9900000000000002,
      "x": 4.46
    },
    "b",
    {
      "x": 4.22
    },
    "n"
  ],
  [
    {
      "y": -0.33000000000000007,
      "x": 0.03
    },
    "z",
    {
      "x": 13.08
    },
    "/"
  ],
  [
    {
      "y": -0.7599999999999998,
      "x": 2.25
    },
    "[",
    {
      "x": 8.64
    },
    "["
  ],
  [
    {
      "y": -0.8600000000000003,
      "x": 1.12
    },
    "]",
    {
      "x": 10.899999999999999
    },
    "]"
  ],
  [
    {
      "r": 10,
      "rx": 4.03,
      "ry": 5.23,
      "y": -0.5,
      "x": -0.5
    },
    "l1"
  ],
  [
    {
      "r": 25,
      "rx": 4.45,
      "ry": 6.49,
      "y": -0.5,
      "x": -0.5
    },
    "l4"
  ],
  [
    {
      "rx": 5.06,
      "ry": 5.55,
      "y": -0.5,
      "x": -0.5
    },
    "l2"
  ],
  [
    {
      "r": 35,
      "rx": 5.29,
      "ry": 6.97,
      "y": -0.5,
      "x": -0.5
    },
    "l5"
  ],
  [
    {
      "rx": 5.92,
      "ry": 6.02,
      "y": -0.5,
      "x": -0.5
    },
    "l3"
  ],
  [
    {
      "r": -35,
      "rx": 9.23,
      "y": -0.5,
      "x": -0.5
    },
    "r1"
  ],
  [
    {
      "rx": 9.86,
      "ry": 6.97,
      "y": -0.5,
      "x": -0.5
    },
    "r4"
  ],
  [
    {
      "r": -25,
      "rx": 10.09,
      "ry": 5.55,
      "y": -0.5,
      "x": -0.5
    },
    "r2"
  ],
  [
    {
      "rx": 10.7,
      "ry": 6.49,
      "y": -0.5,
      "x": -0.5
    },
    "r5"
  ],
  [
    {
      "r": -10,
      "rx": 11.11,
      "ry": 5.23,
      "y": -0.5,
      "x": -0.5
    },
    "r3"
  ]
]
  }
}